{"file:///Users/nahlfarhan/Desktop/NEA/Comp%20Sci/CubeVis/main.py":{"language":"Python","code":4,"comment":0,"blank":4},"file:///Users/nahlfarhan/Desktop/NEA/Comp%20Sci/CubeVis/copycube.py":{"language":"Python","code":188,"comment":147,"blank":10},"file:///Users/nahlfarhan/Desktop/NEA/Comp%20Sci/CubeVis/test.py":{"language":"Python","code":27,"comment":11,"blank":5},"file:///Users/nahlfarhan/Desktop/NEA/Comp%20Sci/CubeVis/%20notes_classes.py":{"language":"Python","code":0,"comment":24,"blank":3},"file:///Users/nahlfarhan/Desktop/NEA/Comp%20Sci/CubeVis/Website/views.py":{"language":"Python","code":20,"comment":3,"blank":6},"file:///Users/nahlfarhan/Desktop/NEA/Comp%20Sci/CubeVis/colourdetection.py":{"language":"Python","code":85,"comment":3,"blank":8},"file:///Users/nahlfarhan/Desktop/NEA/Comp%20Sci/CubeVis/Website/templates/signup.html":{"language":"HTML","code":39,"comment":0,"blank":0},"file:///Users/nahlfarhan/Desktop/NEA/Comp%20Sci/CubeVis/Website/templates/notation.html":{"language":"HTML","code":5,"comment":0,"blank":1},"file:///Users/nahlfarhan/Desktop/NEA/Comp%20Sci/CubeVis/Website/templates/scramble.html":{"language":"HTML","code":14,"comment":0,"blank":2},"file:///Users/nahlfarhan/Desktop/NEA/Comp%20Sci/CubeVis/Website/templates/timer.html":{"language":"HTML","code":9,"comment":0,"blank":0},"file:///Users/nahlfarhan/Desktop/NEA/Comp%20Sci/CubeVis/Website/cube.py":{"language":"Python","code":185,"comment":24,"blank":7},"file:///Users/nahlfarhan/Desktop/NEA/Comp%20Sci/CubeVis/Website/templates/base.html":{"language":"HTML","code":82,"comment":7,"blank":1},"file:///Users/nahlfarhan/Desktop/NEA/Comp%20Sci/CubeVis/Website/__init__.py":{"language":"Python","code":29,"comment":3,"blank":12},"file:///Users/nahlfarhan/Desktop/NEA/Comp%20Sci/CubeVis/Website/models.py":{"language":"Python","code":6,"comment":2,"blank":3},"file:///Users/nahlfarhan/Desktop/NEA/Comp%20Sci/CubeVis/Website/auth.py":{"language":"Python","code":58,"comment":5,"blank":9},"file:///Users/nahlfarhan/Desktop/NEA/Comp%20Sci/CubeVis/finalcubecopy.py":{"language":"Python","code":183,"comment":16,"blank":6},"file:///Users/nahlfarhan/Desktop/NEA/Comp%20Sci/CubeVis/Website/templates/home.html":{"language":"HTML","code":18,"comment":0,"blank":1},"file:///Users/nahlfarhan/Desktop/NEA/Comp%20Sci/CubeVis/Website/_scramblegen.py":{"language":"Python","code":30,"comment":10,"blank":5},"file:///Users/nahlfarhan/Desktop/NEA/Comp%20Sci/CubeVis/Website/templates/login.html":{"language":"HTML","code":36,"comment":0,"blank":0},"file:///Users/nahlfarhan/Desktop/NEA/Comp%20Sci/CubeVis/colourdetect.py":{"language":"Python","code":32,"comment":2,"blank":4}}