"filename", "language", "Python", "HTML", "comment", "blank", "total"
"/Users/nahlfarhan/Desktop/NEA/Comp Sci/CubeVis/ notes_classes.py", "Python", 0, 0, 24, 3, 27
"/Users/nahlfarhan/Desktop/NEA/Comp Sci/CubeVis/Website/__init__.py", "Python", 29, 0, 3, 12, 44
"/Users/nahlfarhan/Desktop/NEA/Comp Sci/CubeVis/Website/_scramblegen.py", "Python", 30, 0, 10, 5, 45
"/Users/nahlfarhan/Desktop/NEA/Comp Sci/CubeVis/Website/auth.py", "Python", 58, 0, 5, 9, 72
"/Users/nahlfarhan/Desktop/NEA/Comp Sci/CubeVis/Website/cube.py", "Python", 185, 0, 24, 7, 216
"/Users/nahlfarhan/Desktop/NEA/Comp Sci/CubeVis/Website/models.py", "Python", 6, 0, 2, 3, 11
"/Users/nahlfarhan/Desktop/NEA/Comp Sci/CubeVis/Website/templates/base.html", "HTML", 0, 82, 7, 1, 90
"/Users/nahlfarhan/Desktop/NEA/Comp Sci/CubeVis/Website/templates/home.html", "HTML", 0, 18, 0, 1, 19
"/Users/nahlfarhan/Desktop/NEA/Comp Sci/CubeVis/Website/templates/login.html", "HTML", 0, 36, 0, 0, 36
"/Users/nahlfarhan/Desktop/NEA/Comp Sci/CubeVis/Website/templates/notation.html", "HTML", 0, 5, 0, 1, 6
"/Users/nahlfarhan/Desktop/NEA/Comp Sci/CubeVis/Website/templates/scramble.html", "HTML", 0, 14, 0, 2, 16
"/Users/nahlfarhan/Desktop/NEA/Comp Sci/CubeVis/Website/templates/signup.html", "HTML", 0, 39, 0, 0, 39
"/Users/nahlfarhan/Desktop/NEA/Comp Sci/CubeVis/Website/templates/timer.html", "HTML", 0, 9, 0, 0, 9
"/Users/nahlfarhan/Desktop/NEA/Comp Sci/CubeVis/Website/views.py", "Python", 20, 0, 3, 6, 29
"/Users/nahlfarhan/Desktop/NEA/Comp Sci/CubeVis/colourdetect.py", "Python", 32, 0, 2, 4, 38
"/Users/nahlfarhan/Desktop/NEA/Comp Sci/CubeVis/colourdetection.py", "Python", 85, 0, 3, 8, 96
"/Users/nahlfarhan/Desktop/NEA/Comp Sci/CubeVis/copycube.py", "Python", 188, 0, 147, 10, 345
"/Users/nahlfarhan/Desktop/NEA/Comp Sci/CubeVis/finalcubecopy.py", "Python", 183, 0, 16, 6, 205
"/Users/nahlfarhan/Desktop/NEA/Comp Sci/CubeVis/main.py", "Python", 4, 0, 0, 4, 8
"/Users/nahlfarhan/Desktop/NEA/Comp Sci/CubeVis/test.py", "Python", 27, 0, 11, 5, 43
"Total", "-", 847, 203, 257, 87, 1394